<?xml version="1.0" encoding="UTF-8"?>
<project-private xmlns="http://www.netbeans.org/ns/project-private/1">
    <editor-bookmarks xmlns="http://www.netbeans.org/ns/editor-bookmarks/2" lastBookmarkId="0"/>
    <open-files xmlns="http://www.netbeans.org/ns/projectui-open-files/2">
        <group>
            <file>file:/C:/Users/JessicaBerenice/Desktop/Biblioteca/web/Estilos%20CSS/frames.css</file>
            <file>file:/C:/Users/JessicaBerenice/Desktop/Biblioteca/web/Estilos%20CSS/Principal.css</file>
            <file>file:/C:/Users/JessicaBerenice/Desktop/Biblioteca/src/java/Clases/Usuario.java</file>
            <file>file:/C:/Users/JessicaBerenice/Desktop/Biblioteca/src/java/Servlets/SubirLA.java</file>
            <file>file:/C:/Users/JessicaBerenice/Desktop/Biblioteca/web/Bibliotecario.jsp</file>
            <file>file:/C:/Users/JessicaBerenice/Desktop/Biblioteca/web/Proveedor.jsp</file>
            <file>file:/C:/Users/JessicaBerenice/Desktop/Biblioteca/web/ConsultaL.jsp</file>
            <file>file:/C:/Users/JessicaBerenice/Desktop/Biblioteca/src/java/Util/DB.java</file>
            <file>file:/C:/Users/JessicaBerenice/Desktop/Biblioteca/src/java/Servlets/EliminarU.java</file>
            <file>file:/C:/Users/JessicaBerenice/Desktop/Biblioteca/web/QuienesSomos.jsp</file>
            <file>file:/C:/Users/JessicaBerenice/Desktop/Biblioteca/src/java/Clases/LibrosB.java</file>
            <file>file:/C:/Users/JessicaBerenice/Desktop/Biblioteca/web/Administrador.jsp</file>
            <file>file:/C:/Users/JessicaBerenice/Desktop/Biblioteca/src/java/Servlets/CerrarSes.java</file>
            <file>file:/C:/Users/JessicaBerenice/Desktop/Biblioteca/web/BuscarLibros.jsp</file>
            <file>file:/C:/Users/JessicaBerenice/Desktop/Biblioteca/src/java/Servlets/ActualizarU.java</file>
            <file>file:/C:/Users/JessicaBerenice/Desktop/Biblioteca/web/index.jsp</file>
            <file>file:/C:/Users/JessicaBerenice/Desktop/Biblioteca/web/InicioSesion.jsp</file>
            <file>file:/C:/Users/JessicaBerenice/Desktop/Biblioteca/web/js/validacion.js</file>
            <file>file:/C:/Users/JessicaBerenice/Desktop/Biblioteca/src/java/Servlets/InicioSes.java</file>
            <file>file:/C:/Users/JessicaBerenice/Desktop/Biblioteca/src/java/Clases/Libros.java</file>
            <file>file:/C:/Users/JessicaBerenice/Desktop/Biblioteca/src/java/Clases/UsuarioB.java</file>
            <file>file:/C:/Users/JessicaBerenice/Desktop/Biblioteca/web/Registrar.jsp</file>
            <file>file:/C:/Users/JessicaBerenice/Desktop/Biblioteca/src/java/Servlets/RegistrarUs.java</file>
            <file>file:/C:/Users/JessicaBerenice/Desktop/Biblioteca/web/Usuario.jsp</file>
        </group>
    </open-files>
</project-private>
